datetime,odometry_mode,stage,episode,outcome,steps_to_goal,path_directness,min_obstacle_dist,near_collisions,success_rate,collision_rate,rolling_success_rate_100,rolling_collision_rate_100,rolling_success_rate_500,rolling_collision_rate_500
2026-05-30 21:00:52,full,1,1,collision,-1,0.7455,0.1806,13,0.0,100.0,0.0,100.0,0.0,100.0
2026-05-30 21:01:04,full,1,2,collision,-1,0.4389,0.1841,14,0.0,100.0,0.0,100.0,0.0,100.0
2026-05-30 21:41:55,full,1,3,collision,-1,0.5318,0.1267,1,0.0,100.0,0.0,100.0,0.0,100.0
2026-05-30 21:44:26,full,1,4,collision,-1,0.0711,0.1764,3,0.0,100.0,0.0,100.0,0.0,100.0
2026-05-30 21:45:10,full,1,5,collision,-1,0.2377,0.12,1,0.0,100.0,0.0,100.0,0.0,100.0
2026-05-30 21:45:31,full,1,6,success,24,0.4812,0.8135,0,16.67,83.33,16.67,83.33,16.67,83.33
2026-05-30 21:45:47,full,1,7,collision,-1,0.3049,0.12,1,14.29,85.71,14.29,85.71,14.29,85.71
2026-05-30 21:46:03,full,1,8,collision,-1,0.302,0.12,1,12.5,87.5,12.5,87.5,12.5,87.5
2026-05-30 21:46:39,full,1,9,collision,-1,0.2254,0.1434,1,11.11,88.89,11.11,88.89,11.11,88.89
2026-05-30 21:48:03,full,1,10,collision,-1,0.0571,0.1877,2,10.0,90.0,10.0,90.0,10.0,90.0
2026-05-30 21:49:37,full,1,11,collision,-1,0.1071,0.142,1,9.09,90.91,9.09,90.91,9.09,90.91
2026-05-30 21:50:41,full,1,12,collision,-1,0.0891,0.12,1,8.33,91.67,8.33,91.67,8.33,91.67
2026-05-30 21:50:46,full,1,13,success,4,0.9923,1.5517,0,15.38,84.62,15.38,84.62,15.38,84.62
2026-05-30 21:50:59,full,1,14,collision,-1,0.5097,0.145,3,14.29,85.71,14.29,85.71,14.29,85.71
2026-05-30 21:52:14,full,1,15,success,84,0.1446,0.4891,0,20.0,80.0,20.0,80.0,20.0,80.0
2026-05-30 21:52:25,full,1,16,collision,-1,0.3244,0.1283,1,18.75,81.25,18.75,81.25,18.75,81.25
2026-05-30 21:52:31,full,1,17,success,6,0.7446,1.7674,0,23.53,76.47,23.53,76.47,23.53,76.47
2026-05-30 21:53:26,full,1,18,collision,-1,0.0786,0.12,1,22.22,77.78,22.22,77.78,22.22,77.78
2026-05-30 21:54:29,full,1,19,collision,-1,0.1446,0.12,1,21.05,78.95,21.05,78.95,21.05,78.95
2026-05-30 21:55:51,full,1,20,collision,-1,0.0791,0.1537,1,20.0,80.0,20.0,80.0,20.0,80.0
2026-05-30 21:56:04,full,1,21,success,12,0.7298,0.6493,0,23.81,76.19,23.81,76.19,23.81,76.19
2026-05-30 21:57:25,full,1,22,collision,-1,0.0835,0.12,1,22.73,77.27,22.73,77.27,22.73,77.27
2026-05-30 21:58:42,full,1,23,success,90,0.1328,0.3396,0,26.09,73.91,26.09,73.91,26.09,73.91
2026-05-30 21:58:45,full,1,24,success,2,1.0,1.9066,0,29.17,70.83,29.17,70.83,29.17,70.83
2026-05-30 21:59:34,full,1,25,collision,-1,0.0934,0.12,3,28.0,72.0,28.0,72.0,28.0,72.0
2026-05-30 22:00:05,full,1,26,collision,-1,0.2857,0.12,3,26.92,73.08,26.92,73.08,26.92,73.08
2026-05-30 22:02:28,full,1,27,collision,-1,0.0485,0.12,1,25.93,74.07,25.93,74.07,25.93,74.07
2026-05-30 22:04:22,full,1,28,success,130,0.0854,0.3502,0,28.57,71.43,28.57,71.43,28.57,71.43
2026-05-30 22:04:56,full,1,29,collision,-1,0.3054,0.12,3,27.59,72.41,27.59,72.41,27.59,72.41
2026-05-30 22:05:09,full,1,30,collision,-1,0.6888,0.12,1,26.67,73.33,26.67,73.33,26.67,73.33
2026-05-30 22:05:23,full,1,31,collision,-1,0.6589,0.1847,1,25.81,74.19,25.81,74.19,25.81,74.19
2026-05-30 22:07:06,full,1,32,collision,-1,0.0592,0.12,3,25.0,75.0,25.0,75.0,25.0,75.0
2026-05-30 22:08:13,full,1,33,collision,-1,0.1598,0.1242,1,24.24,75.76,24.24,75.76,24.24,75.76
2026-05-30 22:11:27,full,1,34,success,230,0.0363,0.5952,0,26.47,73.53,26.47,73.53,26.47,73.53
2026-05-30 22:13:11,full,1,35,collision,-1,0.0597,0.122,1,25.71,74.29,25.71,74.29,25.71,74.29
2026-05-30 22:13:54,full,1,36,collision,-1,0.2015,0.12,1,25.0,75.0,25.0,75.0,25.0,75.0
2026-05-30 22:16:28,full,1,37,collision,-1,0.0554,0.1305,1,24.32,75.68,24.32,75.68,24.32,75.68
2026-05-30 22:17:35,full,1,38,collision,-1,0.1024,0.12,1,23.68,76.32,23.68,76.32,23.68,76.32
2026-05-30 22:18:06,full,1,39,success,36,0.319,0.2131,3,25.64,74.36,25.64,74.36,25.64,74.36
2026-05-30 22:18:28,full,1,40,collision,-1,0.4386,0.12,1,25.0,75.0,25.0,75.0,25.0,75.0
2026-05-30 22:18:37,full,1,41,success,8,0.7932,0.8525,0,26.83,73.17,26.83,73.17,26.83,73.17
2026-05-30 22:18:57,full,1,42,success,24,0.3262,0.7418,0,28.57,71.43,28.57,71.43,28.57,71.43
2026-05-30 22:19:02,full,1,43,success,4,1.0,1.6069,0,30.23,69.77,30.23,69.77,30.23,69.77
2026-05-30 22:19:10,full,1,44,success,8,0.8987,1.4459,0,31.82,68.18,31.82,68.18,31.82,68.18
2026-05-30 22:19:35,full,1,45,success,28,0.3052,0.4601,0,33.33,66.67,33.33,66.67,33.33,66.67
2026-05-30 22:20:13,full,1,46,success,44,0.1935,0.7642,0,34.78,65.22,34.78,65.22,34.78,65.22
2026-05-30 22:23:40,full,1,47,timeout,-1,0.0443,0.9299,0,34.04,63.83,34.04,63.83,34.04,63.83
2026-05-30 22:24:56,full,1,48,success,86,0.0789,0.7088,0,35.42,62.5,35.42,62.5,35.42,62.5
2026-05-30 22:26:32,full,1,49,collision,-1,0.0606,0.12,5,34.69,63.27,34.69,63.27,34.69,63.27
2026-05-30 22:29:14,full,1,50,collision,-1,0.0395,0.12,3,34.0,64.0,34.0,64.0,34.0,64.0
2026-05-30 22:32:45,full,1,51,timeout,-1,0.0453,0.5444,0,33.33,62.75,33.33,62.75,33.33,62.75
2026-05-30 22:36:15,full,1,52,timeout,-1,0.045,0.6516,0,32.69,61.54,32.69,61.54,32.69,61.54
2026-05-30 22:36:26,full,1,53,success,12,0.883,0.7982,0,33.96,60.38,33.96,60.38,33.96,60.38
2026-05-30 22:37:11,full,1,54,collision,-1,0.2282,0.12,3,33.33,61.11,33.33,61.11,33.33,61.11
2026-05-30 22:38:42,full,1,55,collision,-1,0.0699,0.1638,3,32.73,61.82,32.73,61.82,32.73,61.82
2026-05-30 22:39:25,full,1,56,success,50,0.1551,0.8771,0,33.93,60.71,33.93,60.71,33.93,60.71
2026-05-30 22:42:51,full,1,57,timeout,-1,0.0393,0.8247,0,33.33,59.65,33.33,59.65,33.33,59.65
2026-05-30 22:46:19,full,1,58,timeout,-1,0.0353,0.3663,0,32.76,58.62,32.76,58.62,32.76,58.62
2026-05-30 22:46:51,full,1,59,collision,-1,0.2225,0.12,3,32.2,59.32,32.2,59.32,32.2,59.32
2026-05-30 22:47:09,full,1,60,success,20,0.4363,0.5455,0,33.33,58.33,33.33,58.33,33.33,58.33
2026-05-30 22:47:55,full,1,61,success,54,0.1563,0.6308,0,34.43,57.38,34.43,57.38,34.43,57.38
2026-05-30 22:48:08,full,1,62,success,14,0.3469,0.7581,0,35.48,56.45,35.48,56.45,35.48,56.45
2026-05-30 22:48:13,full,1,63,success,4,1.0,1.4456,0,36.51,55.56,36.51,55.56,36.51,55.56
2026-05-30 22:48:33,full,1,64,success,22,0.2647,1.1698,0,37.5,54.69,37.5,54.69,37.5,54.69
2026-05-30 22:50:58,full,1,65,success,174,0.0321,0.9062,0,38.46,53.85,38.46,53.85,38.46,53.85
2026-05-30 22:53:04,full,1,66,collision,-1,0.062,0.1678,7,37.88,54.55,37.88,54.55,37.88,54.55
2026-05-30 22:56:05,full,1,67,collision,-1,0.0477,0.1737,1,37.31,55.22,37.31,55.22,37.31,55.22
2026-05-30 22:59:33,full,1,68,timeout,-1,0.0306,0.6292,0,36.76,54.41,36.76,54.41,36.76,54.41
2026-05-30 23:00:22,full,1,69,success,55,0.0986,1.3902,0,37.68,53.62,37.68,53.62,37.68,53.62
2026-05-30 23:01:36,full,1,70,success,86,0.0867,1.0037,0,38.57,52.86,38.57,52.86,38.57,52.86
2026-05-30 23:04:30,full,1,71,collision,-1,0.0328,0.1218,9,38.03,53.52,38.03,53.52,38.03,53.52
2026-05-30 23:06:54,full,1,72,success,172,0.052,0.4998,0,38.89,52.78,38.89,52.78,38.89,52.78
2026-05-30 23:07:49,full,1,73,collision,-1,0.1259,0.12,1,38.36,53.42,38.36,53.42,38.36,53.42
2026-05-30 23:07:57,full,1,74,success,8,0.6344,0.9656,0,39.19,52.7,39.19,52.7,39.19,52.7
2026-05-30 23:08:02,full,1,75,success,4,0.9052,1.4808,0,40.0,52.0,40.0,52.0,40.0,52.0
2026-05-30 23:10:52,full,1,76,collision,-1,0.0518,0.1681,1,39.47,52.63,39.47,52.63,39.47,52.63
2026-05-30 23:14:19,full,1,77,timeout,-1,0.0344,0.2008,5,38.96,51.95,38.96,51.95,38.96,51.95
2026-05-30 23:15:01,full,1,78,success,49,0.1208,0.7569,0,39.74,51.28,39.74,51.28,39.74,51.28
2026-05-30 23:15:25,full,1,79,collision,-1,0.3483,0.1924,2,39.24,51.9,39.24,51.9,39.24,51.9
2026-05-30 23:16:03,full,1,80,success,41,0.153,0.7222,0,40.0,51.25,40.0,51.25,40.0,51.25
2026-05-30 23:16:18,full,1,81,success,17,0.3328,1.0581,0,40.74,50.62,40.74,50.62,40.74,50.62
2026-05-30 23:17:20,full,1,82,collision,-1,0.0963,0.12,3,40.24,51.22,40.24,51.22,40.24,51.22
2026-05-30 23:18:11,full,1,83,collision,-1,0.119,0.1625,1,39.76,51.81,39.76,51.81,39.76,51.81
2026-05-30 23:18:37,full,1,84,success,28,0.1869,0.7638,0,40.48,51.19,40.48,51.19,40.48,51.19
2026-05-30 23:22:12,full,1,85,timeout,-1,0.0382,0.3131,0,40.0,50.59,40.0,50.59,40.0,50.59
2026-05-30 23:24:05,full,1,86,success,131,0.0681,0.6087,0,40.7,50.0,40.7,50.0,40.7,50.0
2026-05-30 23:24:14,full,1,87,success,8,0.9614,0.9914,0,41.38,49.43,41.38,49.43,41.38,49.43
2026-05-30 23:24:18,full,1,88,success,5,1.0,1.549,0,42.05,48.86,42.05,48.86,42.05,48.86
2026-05-30 23:26:06,full,1,89,success,123,0.058,0.3072,0,42.7,48.31,42.7,48.31,42.7,48.31
2026-05-30 23:26:11,full,1,90,success,4,1.0,1.4457,0,43.33,47.78,43.33,47.78,43.33,47.78
2026-05-30 23:26:51,full,1,91,collision,-1,0.0966,0.1888,1,42.86,48.35,42.86,48.35,42.86,48.35
2026-05-30 23:29:03,full,1,92,collision,-1,0.0604,0.12,1,42.39,48.91,42.39,48.91,42.39,48.91
2026-05-30 23:32:31,full,1,93,timeout,-1,0.0467,0.549,0,41.94,48.39,41.94,48.39,41.94,48.39
2026-05-30 23:33:11,full,1,94,success,45,0.16,0.6069,0,42.55,47.87,42.55,47.87,42.55,47.87
2026-05-30 23:33:56,full,1,95,success,52,0.1525,0.4499,0,43.16,47.37,43.16,47.37,43.16,47.37
2026-05-30 23:35:35,full,1,96,collision,-1,0.0453,0.1377,3,42.71,47.92,42.71,47.92,42.71,47.92
2026-05-30 23:35:46,full,1,97,success,12,0.7267,1.071,0,43.3,47.42,43.3,47.42,43.3,47.42
2026-05-30 23:36:45,full,1,98,success,70,0.1211,0.3187,0,43.88,46.94,43.88,46.94,43.88,46.94
2026-05-30 23:37:32,full,1,99,collision,-1,0.0827,0.1502,3,43.43,47.47,43.43,47.47,43.43,47.47
2026-05-30 23:37:48,full,1,100,collision,-1,0.5093,0.12,1,43.0,48.0,43.0,48.0,43.0,48.0
2026-05-30 23:38:08,full,1,101,collision,-1,0.5452,0.1744,2,42.57,48.51,43.0,48.0,42.57,48.51
2026-05-30 23:38:39,full,1,102,success,36,0.1688,0.608,0,43.14,48.04,44.0,47.0,43.14,48.04
2026-05-30 23:38:55,full,1,103,collision,-1,0.3282,0.1213,1,42.72,48.54,44.0,47.0,42.72,48.54
2026-05-30 23:39:35,full,1,104,collision,-1,0.1732,0.1673,5,42.31,49.04,44.0,47.0,42.31,49.04
2026-05-30 23:39:45,full,1,105,collision,-1,0.7797,0.157,1,41.9,49.52,44.0,47.0,41.9,49.52
2026-05-30 23:39:56,full,1,106,collision,-1,0.9046,0.1967,1,41.51,50.0,43.0,48.0,41.51,50.0
2026-05-30 23:40:12,full,1,107,success,16,0.4907,0.7821,0,42.06,49.53,44.0,47.0,42.06,49.53
2026-05-30 23:40:42,full,1,108,collision,-1,0.2007,0.12,1,41.67,50.0,44.0,47.0,41.67,50.0
2026-05-30 23:40:59,full,1,109,success,18,0.4231,0.7886,0,42.2,49.54,45.0,46.0,42.2,49.54
2026-05-30 23:41:14,full,1,110,success,16,0.6905,0.5916,0,42.73,49.09,46.0,45.0,42.73,49.09
2026-05-30 23:41:44,full,1,111,collision,-1,0.2886,0.12,3,42.34,49.55,46.0,45.0,42.34,49.55
2026-05-30 23:42:03,full,1,112,success,22,0.3546,0.7472,0,42.86,49.11,47.0,44.0,42.86,49.11
2026-05-30 23:42:13,full,1,113,success,10,0.5165,1.3125,0,43.36,48.67,47.0,44.0,43.36,48.67
2026-05-30 23:43:52,full,1,114,success,120,0.0955,0.2378,6,43.86,48.25,48.0,43.0,43.86,48.25
2026-05-30 23:44:36,full,1,115,success,52,0.1752,0.5622,0,44.35,47.83,48.0,43.0,44.35,47.83
2026-05-30 23:46:19,full,1,116,success,122,0.0882,0.2989,1,44.83,47.41,49.0,42.0,44.83,47.41
2026-05-30 23:46:30,full,1,117,success,12,0.6473,0.4375,0,45.3,47.01,49.0,42.0,45.3,47.01
2026-05-30 23:46:46,full,1,118,success,18,0.3862,0.8876,0,45.76,46.61,50.0,41.0,45.76,46.61
2026-05-30 23:47:01,full,1,119,collision,-1,0.6547,0.1818,3,45.38,47.06,50.0,41.0,45.38,47.06
2026-05-30 23:47:41,full,1,120,success,47,0.229,0.2878,2,45.83,46.67,51.0,40.0,45.83,46.67
2026-05-30 23:48:34,full,1,121,success,59,0.1954,0.7066,0,46.28,46.28,51.0,40.0,46.28,46.28
2026-05-30 23:48:40,full,1,122,success,6,0.9932,1.2405,0,46.72,45.9,52.0,39.0,46.72,45.9
2026-05-30 23:49:19,full,1,123,success,46,0.227,0.5921,0,47.15,45.53,52.0,39.0,47.15,45.53
2026-05-30 23:49:45,full,1,124,success,30,0.2107,0.3393,0,47.58,45.16,52.0,39.0,47.58,45.16
2026-05-30 23:50:00,full,1,125,success,16,0.6544,0.4924,0,48.0,44.8,53.0,38.0,48.0,44.8
2026-05-30 23:51:11,full,1,126,collision,-1,0.0685,0.1208,3,47.62,45.24,53.0,38.0,47.62,45.24
2026-05-30 23:51:33,full,1,127,success,26,0.2192,0.4301,0,48.03,44.88,54.0,37.0,48.03,44.88
2026-05-30 23:55:03,full,1,128,timeout,-1,0.0143,0.212,10,47.66,44.53,53.0,37.0,47.66,44.53
2026-05-30 23:55:40,full,1,129,success,41,0.2337,0.5823,0,48.06,44.19,54.0,36.0,48.06,44.19
2026-05-30 23:57:57,full,1,130,success,160,0.0659,0.1975,9,48.46,43.85,55.0,35.0,48.46,43.85
2026-05-30 23:58:18,full,1,131,success,24,0.2899,0.835,0,48.85,43.51,56.0,34.0,48.85,43.51
2026-05-30 23:58:24,full,1,132,success,6,0.705,1.3862,0,49.24,43.18,57.0,33.0,49.24,43.18
2026-05-30 23:58:36,full,1,133,success,12,0.4601,1.2264,0,49.62,42.86,58.0,32.0,49.62,42.86
2026-05-30 23:58:43,full,1,134,success,6,1.0,1.1297,0,50.0,42.54,58.0,32.0,50.0,42.54
2026-05-30 23:59:11,full,1,135,success,32,0.31,0.3729,0,50.37,42.22,59.0,31.0,50.37,42.22
2026-05-30 23:59:33,full,1,136,success,24,0.1827,0.4469,0,50.74,41.91,60.0,30.0,50.74,41.91
2026-05-30 23:59:48,full,1,137,success,16,0.3535,1.144,0,51.09,41.61,61.0,29.0,51.09,41.61
2026-05-30 23:59:56,full,1,138,success,8,0.7673,0.5247,0,51.45,41.3,62.0,28.0,51.45,41.3
2026-05-31 00:00:05,full,1,139,success,8,0.6815,1.0065,0,51.8,41.01,62.0,28.0,51.8,41.01
2026-05-31 00:00:10,full,1,140,success,4,1.0,1.258,0,52.14,40.71,63.0,27.0,52.14,40.71
2026-05-31 00:00:17,full,1,141,success,6,0.6972,1.3889,0,52.48,40.43,63.0,27.0,52.48,40.43
2026-05-31 00:00:35,full,1,142,success,20,0.1985,0.9495,0,52.82,40.14,63.0,27.0,52.82,40.14
2026-05-31 00:00:57,full,1,143,success,24,0.2884,0.4114,0,53.15,39.86,63.0,27.0,53.15,39.86
2026-05-31 00:01:09,full,1,144,success,12,0.4192,1.0019,0,53.47,39.58,63.0,27.0,53.47,39.58
2026-05-31 00:01:22,full,1,145,success,14,0.6381,0.4933,0,53.79,39.31,63.0,27.0,53.79,39.31
2026-05-31 00:01:25,full,1,146,success,2,1.0,1.8993,0,54.11,39.04,63.0,27.0,54.11,39.04
2026-05-31 00:01:38,full,1,147,success,14,0.6493,0.4246,0,54.42,38.78,64.0,27.0,54.42,38.78
2026-05-31 00:01:44,full,1,148,success,7,0.8397,1.1953,0,54.73,38.51,64.0,27.0,54.73,38.51
2026-05-31 00:01:52,full,1,149,success,7,0.9333,1.2969,0,55.03,38.26,65.0,26.0,55.03,38.26
2026-05-31 00:01:57,full,1,150,success,4,1.0,1.6446,0,55.33,38.0,66.0,25.0,55.33,38.0
2026-05-31 00:02:07,full,1,151,success,10,0.5549,0.9704,0,55.63,37.75,67.0,25.0,55.63,37.75
2026-05-31 00:02:17,full,1,152,success,10,0.7764,0.7092,0,55.92,37.5,68.0,25.0,55.92,37.5
2026-05-31 00:02:30,full,1,153,success,14,0.6788,0.7541,0,56.21,37.25,68.0,25.0,56.21,37.25
2026-05-31 00:02:43,full,1,154,success,14,0.5725,0.5902,0,56.49,37.01,69.0,24.0,56.49,37.01
2026-05-31 00:02:52,full,1,155,success,8,0.8289,0.8628,0,56.77,36.77,70.0,23.0,56.77,36.77
2026-05-31 00:03:03,full,1,156,success,12,0.4333,1.1964,0,57.05,36.54,70.0,23.0,57.05,36.54
2026-05-31 00:03:11,full,1,157,success,8,0.9499,0.9213,0,57.32,36.31,71.0,23.0,57.32,36.31
2026-05-31 00:03:21,full,1,158,success,10,0.7797,0.4179,0,57.59,36.08,72.0,23.0,57.59,36.08
2026-05-31 00:03:26,full,1,159,success,4,1.0,1.4946,0,57.86,35.85,73.0,22.0,57.86,35.85
2026-05-31 00:03:34,full,1,160,success,8,0.9436,1.0189,0,58.13,35.62,73.0,22.0,58.13,35.62
2026-05-31 00:03:44,full,1,161,success,10,0.6275,1.08,0,58.39,35.4,73.0,22.0,58.39,35.4
2026-05-31 00:03:54,full,1,162,success,10,0.3028,1.366,0,58.64,35.19,73.0,22.0,58.64,35.19
2026-05-31 00:04:17,full,1,163,success,26,0.2243,0.6297,0,58.9,34.97,73.0,22.0,58.9,34.97
2026-05-31 00:04:25,full,1,164,success,8,0.5647,1.51,0,59.15,34.76,73.0,22.0,59.15,34.76
2026-05-31 00:04:32,full,1,165,success,6,0.8476,0.9866,0,59.39,34.55,73.0,22.0,59.39,34.55
2026-05-31 00:04:44,full,1,166,success,12,0.3324,1.0904,0,59.64,34.34,74.0,21.0,59.64,34.34
2026-05-31 00:04:50,full,1,167,success,6,1.0,1.3611,0,59.88,34.13,75.0,20.0,59.88,34.13
2026-05-31 00:04:57,full,1,168,success,6,0.9138,1.5815,0,60.12,33.93,76.0,20.0,60.12,33.93
2026-05-31 00:05:05,full,1,169,success,8,0.4372,1.3692,0,60.36,33.73,76.0,20.0,60.36,33.73
2026-05-31 00:05:16,full,1,170,success,13,0.5901,0.9778,0,60.59,33.53,76.0,20.0,60.59,33.53
2026-05-31 00:05:28,full,1,171,success,11,0.8866,0.4789,0,60.82,33.33,77.0,19.0,60.82,33.33
2026-05-31 00:05:38,full,1,172,success,10,0.9636,0.5905,0,61.05,33.14,77.0,19.0,61.05,33.14
2026-05-31 00:05:46,full,1,173,success,8,0.8207,0.9965,0,61.27,32.95,78.0,18.0,61.27,32.95
2026-05-31 00:06:11,full,1,174,success,12,0.7248,1.0732,0,61.49,32.76,78.0,18.0,61.49,32.76
2026-05-31 00:06:16,full,1,175,success,4,1.0,1.6939,0,61.71,32.57,78.0,18.0,61.71,32.57
2026-05-31 00:06:25,full,1,176,success,10,0.8978,0.4449,0,61.93,32.39,79.0,17.0,61.93,32.39
2026-05-31 00:06:37,full,1,177,success,12,0.6188,0.9747,0,62.15,32.2,80.0,17.0,62.15,32.2
2026-05-31 00:06:47,full,1,178,collision,-1,1.0,0.1879,1,61.8,32.58,79.0,18.0,61.8,32.58
2026-05-31 00:06:52,full,1,179,success,4,1.0,1.6503,0,62.01,32.4,80.0,17.0,62.01,32.4
2026-05-31 00:07:17,full,1,180,success,28,0.207,0.3912,0,62.22,32.22,80.0,17.0,62.22,32.22
2026-05-31 00:07:29,full,1,181,success,12,0.54,0.7513,0,62.43,32.04,80.0,17.0,62.43,32.04
2026-05-31 00:07:56,full,1,182,success,32,0.1709,0.4941,0,62.64,31.87,81.0,16.0,62.64,31.87
2026-05-31 00:08:03,full,1,183,success,6,1.0,0.868,0,62.84,31.69,82.0,15.0,62.84,31.69
2026-05-31 00:08:11,full,1,184,success,8,0.3921,1.2068,0,63.04,31.52,82.0,15.0,63.04,31.52
2026-05-31 00:08:19,full,1,185,success,8,0.7583,0.9992,0,63.24,31.35,83.0,15.0,63.24,31.35
2026-05-31 00:08:26,full,1,186,success,6,0.9452,0.8917,0,63.44,31.18,83.0,15.0,63.44,31.18
2026-05-31 00:08:32,full,1,187,success,6,0.7864,1.0972,0,63.64,31.02,83.0,15.0,63.64,31.02
2026-05-31 00:08:37,full,1,188,success,4,1.0,1.4996,0,63.83,30.85,83.0,15.0,63.83,30.85
2026-05-31 00:08:47,full,1,189,success,10,0.586,1.1124,0,64.02,30.69,83.0,15.0,64.02,30.69
2026-05-31 00:08:57,full,1,190,success,10,0.8007,0.8152,0,64.21,30.53,83.0,15.0,64.21,30.53
2026-05-31 00:09:08,full,1,191,success,12,0.7343,0.8561,0,64.4,30.37,84.0,14.0,64.4,30.37
2026-05-31 00:09:20,full,1,192,success,12,0.6792,0.7841,0,64.58,30.21,85.0,13.0,64.58,30.21
2026-05-31 00:09:29,full,1,193,success,10,1.0,0.9577,0,64.77,30.05,86.0,13.0,64.77,30.05
2026-05-31 00:09:36,full,1,194,success,6,0.9376,1.1709,0,64.95,29.9,86.0,13.0,64.95,29.9
2026-05-31 00:09:50,full,1,195,success,14,0.4379,1.0116,0,65.13,29.74,86.0,13.0,65.13,29.74
2026-05-31 00:09:59,full,1,196,success,10,1.0,0.5728,0,65.31,29.59,87.0,12.0,65.31,29.59
2026-05-31 00:10:07,full,1,197,success,8,1.0,0.7661,0,65.48,29.44,87.0,12.0,65.48,29.44
2026-05-31 00:10:14,full,1,198,success,6,0.9608,1.4011,0,65.66,29.29,87.0,12.0,65.66,29.29
2026-05-31 00:10:23,full,1,199,success,8,0.8818,0.7468,0,65.83,29.15,88.0,11.0,65.83,29.15
2026-05-31 00:10:34,full,1,200,collision,-1,0.8021,0.1945,1,65.5,29.5,88.0,11.0,65.5,29.5
2026-05-31 00:10:41,full,1,201,success,6,0.9646,1.1045,0,65.67,29.35,89.0,10.0,65.67,29.35
2026-05-31 00:10:54,full,1,202,success,14,0.4407,0.7458,0,65.84,29.21,89.0,10.0,65.84,29.21
2026-05-31 00:11:02,full,1,203,success,8,1.0,0.712,0,66.01,29.06,90.0,9.0,66.01,29.06
2026-05-31 00:11:10,full,1,204,success,8,0.86,0.7955,0,66.18,28.92,91.0,8.0,66.18,28.92
2026-05-31 00:11:18,full,1,205,success,8,0.7233,0.6971,0,66.34,28.78,92.0,7.0,66.34,28.78
2026-05-31 00:11:26,full,1,206,success,8,0.9532,1.0843,0,66.5,28.64,93.0,6.0,66.5,28.64
2026-05-31 00:11:36,full,1,207,success,10,0.7803,0.4311,0,66.67,28.5,93.0,6.0,66.67,28.5
2026-05-31 00:11:51,full,1,208,success,16,0.4364,0.6136,0,66.83,28.37,94.0,5.0,66.83,28.37
2026-05-31 00:12:04,full,1,209,success,14,0.3333,1.3339,0,66.99,28.23,94.0,5.0,66.99,28.23
2026-05-31 00:12:14,full,1,210,success,10,0.8026,1.1584,0,67.14,28.1,94.0,5.0,67.14,28.1
2026-05-31 00:12:18,full,1,211,success,4,1.0,1.7941,0,67.3,27.96,95.0,4.0,67.3,27.96
2026-05-31 00:12:27,full,1,212,success,8,0.762,1.2453,0,67.45,27.83,95.0,4.0,67.45,27.83
2026-05-31 00:12:36,full,1,213,success,10,0.4635,1.2967,0,67.61,27.7,95.0,4.0,67.61,27.7
2026-05-31 00:12:44,full,1,214,success,8,1.0,0.7851,0,67.76,27.57,95.0,4.0,67.76,27.57
2026-05-31 00:12:54,full,1,215,success,10,0.9296,0.5817,0,67.91,27.44,95.0,4.0,67.91,27.44
2026-05-31 00:13:06,full,1,216,success,12,0.2829,0.8164,0,68.06,27.31,95.0,4.0,68.06,27.31
2026-05-31 00:13:26,full,1,217,success,20,0.3982,0.6593,0,68.2,27.19,95.0,4.0,68.2,27.19
2026-05-31 00:13:33,full,1,218,success,8,1.0,0.6272,0,68.35,27.06,95.0,4.0,68.35,27.06
2026-05-31 00:13:44,full,1,219,success,12,0.7379,0.4692,0,68.49,26.94,96.0,3.0,68.49,26.94
2026-05-31 00:13:57,full,1,220,success,12,0.634,1.0629,0,68.64,26.82,96.0,3.0,68.64,26.82
2026-05-31 00:14:05,full,1,221,success,8,0.8026,1.1215,0,68.78,26.7,96.0,3.0,68.78,26.7
2026-05-31 00:14:13,full,1,222,success,8,0.9019,1.0846,0,68.92,26.58,96.0,3.0,68.92,26.58
2026-05-31 00:14:20,full,1,223,success,7,0.7188,1.3742,0,69.06,26.46,96.0,3.0,69.06,26.46
2026-05-31 00:14:31,full,1,224,success,11,0.8582,0.7816,0,69.2,26.34,96.0,3.0,69.2,26.34
2026-05-31 00:14:44,full,1,225,success,12,0.3752,0.9424,0,69.33,26.22,96.0,3.0,69.33,26.22
2026-05-31 00:14:54,full,1,226,success,10,0.7382,1.0306,0,69.47,26.11,97.0,2.0,69.47,26.11
2026-05-31 00:15:01,full,1,227,success,6,1.0,0.8505,0,69.6,25.99,97.0,2.0,69.6,25.99
2026-05-31 00:15:10,full,1,228,success,8,0.3439,1.3703,0,69.74,25.88,98.0,2.0,69.74,25.88
2026-05-31 00:15:20,full,1,229,success,10,0.6037,1.2457,0,69.87,25.76,98.0,2.0,69.87,25.76
2026-05-31 00:15:25,full,1,230,success,4,1.0,1.6793,0,70.0,25.65,98.0,2.0,70.0,25.65
2026-05-31 00:15:36,full,1,231,success,10,0.6889,0.9503,0,70.13,25.54,98.0,2.0,70.13,25.54
2026-05-31 00:15:45,full,1,232,success,8,0.9256,0.7661,0,70.26,25.43,98.0,2.0,70.26,25.43
2026-05-31 00:15:53,full,1,233,success,8,0.8297,1.4138,0,70.39,25.32,98.0,2.0,70.39,25.32
2026-05-31 00:16:01,full,1,234,success,8,0.5668,1.2272,0,70.51,25.21,98.0,2.0,70.51,25.21
2026-05-31 00:16:06,full,1,235,success,4,0.8385,1.3294,0,70.64,25.11,98.0,2.0,70.64,25.11
2026-05-31 00:16:13,full,1,236,success,6,0.8661,1.1834,0,70.76,25.0,98.0,2.0,70.76,25.0
2026-05-31 00:16:25,full,1,237,success,12,0.5175,0.9754,0,70.89,24.89,98.0,2.0,70.89,24.89
2026-05-31 00:16:37,full,1,238,success,12,0.5558,1.0555,0,71.01,24.79,98.0,2.0,71.01,24.79
2026-05-31 00:16:46,full,1,239,success,8,0.3786,1.2521,0,71.13,24.69,98.0,2.0,71.13,24.69
2026-05-31 00:16:51,full,1,240,success,4,0.9384,1.5824,0,71.25,24.58,98.0,2.0,71.25,24.58
2026-05-31 00:17:12,full,1,241,success,22,0.3038,0.2193,2,71.37,24.48,98.0,2.0,71.37,24.48
2026-05-31 00:17:22,full,1,242,success,10,0.3724,1.3616,0,71.49,24.38,98.0,2.0,71.49,24.38
2026-05-31 00:17:27,full,1,243,success,4,1.0,1.6302,0,71.6,24.28,98.0,2.0,71.6,24.28
2026-05-31 00:17:33,full,1,244,success,4,0.7928,1.5133,0,71.72,24.18,98.0,2.0,71.72,24.18
2026-05-31 00:17:55,full,1,245,success,24,0.268,0.8373,0,71.84,24.08,98.0,2.0,71.84,24.08
2026-05-31 00:18:06,full,1,246,success,10,0.647,0.6723,0,71.95,23.98,98.0,2.0,71.95,23.98
2026-05-31 00:18:23,full,1,247,collision,-1,0.3187,0.12,1,71.66,24.29,97.0,3.0,71.66,24.29
2026-05-31 00:18:31,full,1,248,success,8,0.8111,0.3278,0,71.77,24.19,97.0,3.0,71.77,24.19
2026-05-31 00:18:44,full,1,249,success,13,0.6164,1.1046,0,71.89,24.1,97.0,3.0,71.89,24.1
2026-05-31 00:18:52,full,1,250,success,7,0.9929,1.4052,0,72.0,24.0,97.0,3.0,72.0,24.0
2026-05-31 00:19:03,full,1,251,success,12,0.4471,0.9384,0,72.11,23.9,97.0,3.0,72.11,23.9
2026-05-31 00:19:10,full,1,252,success,6,0.9568,1.0952,0,72.22,23.81,97.0,3.0,72.22,23.81
2026-05-31 00:19:18,full,1,253,success,8,0.928,0.8754,0,72.33,23.72,97.0,3.0,72.33,23.72
2026-05-31 00:19:30,full,1,254,success,12,0.6505,0.73,0,72.44,23.62,97.0,3.0,72.44,23.62
2026-05-31 00:19:39,full,1,255,success,8,0.8821,0.5966,0,72.55,23.53,97.0,3.0,72.55,23.53
2026-05-31 00:19:50,full,1,256,success,10,0.4191,1.1982,0,72.66,23.44,97.0,3.0,72.66,23.44
2026-05-31 00:20:00,full,1,257,collision,-1,0.6339,0.1784,1,72.37,23.74,96.0,4.0,72.37,23.74
2026-05-31 00:20:29,full,1,258,success,32,0.1915,0.2979,1,72.48,23.64,96.0,4.0,72.48,23.64
2026-05-31 00:20:39,full,1,259,success,10,0.4266,1.4032,0,72.59,23.55,96.0,4.0,72.59,23.55
2026-05-31 00:20:46,full,1,260,success,6,0.9093,1.0732,0,72.69,23.46,96.0,4.0,72.69,23.46
2026-05-31 00:20:53,full,1,261,success,6,1.0,1.3745,0,72.8,23.37,96.0,4.0,72.8,23.37
2026-05-31 00:21:06,full,1,262,success,14,0.7116,0.348,0,72.9,23.28,96.0,4.0,72.9,23.28
2026-05-31 00:21:12,full,1,263,success,6,1.0,0.927,0,73.0,23.19,96.0,4.0,73.0,23.19
2026-05-31 00:21:17,full,1,264,success,4,1.0,1.6252,0,73.11,23.11,96.0,4.0,73.11,23.11
2026-05-31 00:21:27,full,1,265,success,10,0.4228,1.287,0,73.21,23.02,96.0,4.0,73.21,23.02
2026-05-31 00:21:36,full,1,266,success,8,0.4605,1.3649,0,73.31,22.93,96.0,4.0,73.31,22.93
2026-05-31 00:21:58,full,1,267,success,24,0.1386,0.6374,0,73.41,22.85,96.0,4.0,73.41,22.85
2026-05-31 00:22:11,full,1,268,success,12,0.745,0.4569,0,73.51,22.76,96.0,4.0,73.51,22.76
2026-05-31 00:22:19,full,1,269,success,8,0.9429,0.6038,0,73.61,22.68,96.0,4.0,73.61,22.68
2026-05-31 00:22:31,full,1,270,success,12,0.7115,1.009,0,73.7,22.59,96.0,4.0,73.7,22.59
2026-05-31 00:22:39,full,1,271,success,8,0.843,0.5902,0,73.8,22.51,96.0,4.0,73.8,22.51
2026-05-31 00:22:51,full,1,272,success,12,0.7561,0.5958,0,73.9,22.43,96.0,4.0,73.9,22.43
2026-05-31 00:22:59,full,1,273,success,8,0.7036,0.902,0,73.99,22.34,96.0,4.0,73.99,22.34
2026-05-31 00:23:09,full,1,274,success,10,0.4677,1.2548,0,74.09,22.26,96.0,4.0,74.09,22.26
2026-05-31 00:23:17,full,1,275,success,8,0.6125,1.0385,0,74.18,22.18,96.0,4.0,74.18,22.18
2026-05-31 00:23:35,full,1,276,collision,-1,0.3942,0.1623,1,73.91,22.46,95.0,5.0,73.91,22.46
2026-05-31 00:24:03,full,1,277,success,30,0.1345,0.2958,1,74.01,22.38,95.0,5.0,74.01,22.38
2026-05-31 00:24:10,full,1,278,success,6,0.7458,1.5165,0,74.1,22.3,96.0,4.0,74.1,22.3
2026-05-31 00:24:15,full,1,279,success,4,0.9366,1.6256,0,74.19,22.22,96.0,4.0,74.19,22.22
2026-05-31 00:24:31,full,1,280,success,16,0.5024,0.8413,0,74.29,22.14,96.0,4.0,74.29,22.14
2026-05-31 00:24:44,full,1,281,success,14,0.7035,0.6885,0,74.38,22.06,96.0,4.0,74.38,22.06
2026-05-31 00:25:06,full,1,282,collision,-1,0.2639,0.12,3,74.11,22.34,95.0,5.0,74.11,22.34
2026-05-31 00:25:14,full,1,283,success,8,0.9449,1.0061,0,74.2,22.26,95.0,5.0,74.2,22.26
2026-05-31 00:25:22,full,1,284,success,8,0.6785,0.9989,0,74.3,22.18,95.0,5.0,74.3,22.18
2026-05-31 00:25:29,full,1,285,success,6,1.0,1.2306,0,74.39,22.11,95.0,5.0,74.39,22.11
2026-05-31 00:25:43,full,1,286,success,14,0.5858,0.3912,0,74.48,22.03,95.0,5.0,74.48,22.03
2026-05-31 00:25:53,full,1,287,success,10,0.6114,0.9689,0,74.56,21.95,95.0,5.0,74.56,21.95
2026-05-31 00:26:01,full,1,288,success,8,0.9219,0.9862,0,74.65,21.88,95.0,5.0,74.65,21.88
2026-05-31 00:26:14,full,1,289,success,14,0.6697,0.7431,0,74.74,21.8,95.0,5.0,74.74,21.8
2026-05-31 00:26:21,full,1,290,success,6,0.9801,1.3592,0,74.83,21.72,95.0,5.0,74.83,21.72
2026-05-31 00:26:26,full,1,291,success,4,1.0,1.6674,0,74.91,21.65,95.0,5.0,74.91,21.65
2026-05-31 00:26:31,full,1,292,success,4,1.0,1.3602,0,75.0,21.58,95.0,5.0,75.0,21.58
2026-05-31 00:26:44,full,1,293,success,14,0.6791,0.6401,0,75.09,21.5,95.0,5.0,75.09,21.5
2026-05-31 00:26:59,full,1,294,success,14,0.6274,0.5619,0,75.17,21.43,95.0,5.0,75.17,21.43
2026-05-31 00:27:09,full,1,295,success,10,0.62,1.2636,0,75.25,21.36,95.0,5.0,75.25,21.36
2026-05-31 00:27:19,full,1,296,success,10,0.4561,1.4199,0,75.34,21.28,95.0,5.0,75.34,21.28
2026-05-31 00:27:27,full,1,297,success,8,0.5362,1.1352,0,75.42,21.21,95.0,5.0,75.42,21.21
2026-05-31 00:27:39,full,1,298,success,12,0.3251,1.3756,0,75.5,21.14,95.0,5.0,75.5,21.14
2026-05-31 00:27:47,full,1,299,success,8,0.4212,1.2858,0,75.59,21.07,95.0,5.0,75.59,21.07
2026-05-31 00:27:53,full,1,300,success,6,1.0,1.093,0,75.67,21.0,96.0,4.0,75.67,21.0
2026-05-31 00:28:03,full,1,301,success,8,0.8932,0.3721,0,75.75,20.93,96.0,4.0,75.75,20.93
2026-05-31 00:28:09,full,1,302,success,6,0.5969,1.285,0,75.83,20.86,96.0,4.0,75.83,20.86
2026-05-31 00:28:14,full,1,303,success,4,1.0,1.6884,0,75.91,20.79,96.0,4.0,75.91,20.79
2026-05-31 00:28:22,full,1,304,success,8,1.0,0.8113,0,75.99,20.72,96.0,4.0,75.99,20.72
2026-05-31 00:28:32,full,1,305,success,10,0.9423,0.7294,0,76.07,20.66,96.0,4.0,76.07,20.66
2026-05-31 00:28:37,full,1,306,success,4,1.0,1.5253,0,76.14,20.59,96.0,4.0,76.14,20.59
2026-05-31 00:28:42,full,1,307,success,5,1.0,1.6184,0,76.22,20.52,96.0,4.0,76.22,20.52
2026-05-31 00:29:02,full,1,308,collision,-1,0.6022,0.12,2,75.97,20.78,95.0,5.0,75.97,20.78
2026-05-31 00:29:13,full,1,309,success,12,0.3771,1.2559,0,76.05,20.71,95.0,5.0,76.05,20.71
2026-05-31 00:29:23,full,1,310,success,8,0.7932,0.8559,0,76.13,20.65,95.0,5.0,76.13,20.65
2026-05-31 00:29:33,full,1,311,success,10,0.6751,0.3891,0,76.21,20.58,95.0,5.0,76.21,20.58
2026-05-31 00:29:38,full,1,312,success,4,0.8984,1.4134,0,76.28,20.51,95.0,5.0,76.28,20.51
2026-05-31 00:29:47,full,1,313,success,8,0.8488,1.062,0,76.36,20.45,95.0,5.0,76.36,20.45
2026-05-31 00:29:54,full,1,314,success,6,1.0,0.9183,0,76.43,20.38,95.0,5.0,76.43,20.38
2026-05-31 00:30:03,full,1,315,success,8,1.0,0.6749,0,76.51,20.32,95.0,5.0,76.51,20.32
2026-05-31 00:30:08,full,1,316,success,4,1.0,1.3244,0,76.58,20.25,95.0,5.0,76.58,20.25
2026-05-31 00:30:16,full,1,317,success,8,0.9044,0.9642,0,76.66,20.19,95.0,5.0,76.66,20.19
2026-05-31 00:30:21,full,1,318,success,4,0.8579,1.6571,0,76.73,20.13,95.0,5.0,76.73,20.13
2026-05-31 00:30:28,full,1,319,success,6,0.7119,1.1435,0,76.8,20.06,95.0,5.0,76.8,20.06
2026-05-31 00:30:40,full,1,320,success,12,0.9698,0.3961,0,76.88,20.0,95.0,5.0,76.88,20.0
2026-05-31 00:30:49,full,1,321,success,11,0.8104,0.8111,0,76.95,19.94,95.0,5.0,76.95,19.94
2026-05-31 00:31:03,full,1,322,success,13,0.7366,0.9065,0,77.02,19.88,95.0,5.0,77.02,19.88
2026-05-31 00:31:09,full,1,323,success,6,1.0,0.9621,0,77.09,19.81,95.0,5.0,77.09,19.81
2026-05-31 00:31:21,full,1,324,success,10,0.7996,0.2842,2,77.16,19.75,95.0,5.0,77.16,19.75
2026-05-31 00:31:26,full,1,325,success,4,1.0,1.576,0,77.23,19.69,95.0,5.0,77.23,19.69
2026-05-31 00:31:38,full,1,326,success,12,0.358,1.0259,0,77.3,19.63,95.0,5.0,77.3,19.63
2026-05-31 00:31:46,full,1,327,success,8,0.8779,1.0263,0,77.37,19.57,95.0,5.0,77.37,19.57
2026-05-31 00:31:57,full,1,328,success,12,0.5996,0.7381,0,77.44,19.51,95.0,5.0,77.44,19.51
2026-05-31 00:32:05,full,1,329,success,6,0.8823,1.0262,0,77.51,19.45,95.0,5.0,77.51,19.45
2026-05-31 00:32:16,full,1,330,success,12,0.4668,0.9662,0,77.58,19.39,95.0,5.0,77.58,19.39
2026-05-31 00:32:25,full,1,331,success,8,0.5409,0.8796,0,77.64,19.34,95.0,5.0,77.64,19.34
2026-05-31 00:32:31,full,1,332,success,6,0.967,1.2886,0,77.71,19.28,95.0,5.0,77.71,19.28
2026-05-31 00:32:41,full,1,333,success,10,0.3711,1.3751,0,77.78,19.22,95.0,5.0,77.78,19.22
2026-05-31 00:32:52,full,1,334,success,12,0.7827,0.429,0,77.84,19.16,95.0,5.0,77.84,19.16
2026-05-31 00:32:58,full,1,335,success,6,1.0,0.789,0,77.91,19.1,95.0,5.0,77.91,19.1
2026-05-31 00:33:07,full,1,336,success,8,0.7635,0.5506,0,77.98,19.05,95.0,5.0,77.98,19.05
2026-05-31 00:33:19,full,1,337,success,12,0.5694,0.8787,0,78.04,18.99,95.0,5.0,78.04,18.99
2026-05-31 00:33:25,full,1,338,success,6,1.0,1.0362,0,78.11,18.93,95.0,5.0,78.11,18.93
2026-05-31 00:33:32,full,1,339,success,6,1.0,1.1941,0,78.17,18.88,95.0,5.0,78.17,18.88
2026-05-31 00:33:38,full,1,340,success,6,1.0,1.1313,0,78.24,18.82,95.0,5.0,78.24,18.82
2026-05-31 00:33:45,full,1,341,success,6,1.0,0.8552,0,78.3,18.77,95.0,5.0,78.3,18.77
2026-05-31 00:33:52,full,1,342,success,6,0.8884,1.1223,0,78.36,18.71,95.0,5.0,78.36,18.71
2026-05-31 00:34:05,full,1,343,success,12,0.5703,0.7937,0,78.43,18.66,95.0,5.0,78.43,18.66
2026-05-31 00:34:12,full,1,344,success,6,1.0,0.6639,0,78.49,18.6,95.0,5.0,78.49,18.6
2026-05-31 00:34:19,full,1,345,success,6,0.547,1.3186,0,78.55,18.55,95.0,5.0,78.55,18.55
2026-05-31 00:34:29,full,1,346,success,10,0.7228,0.7278,0,78.61,18.5,95.0,5.0,78.61,18.5
2026-05-31 00:34:40,full,1,347,success,12,0.7052,0.6199,0,78.67,18.44,96.0,4.0,78.67,18.44
2026-05-31 00:34:50,full,1,348,success,10,0.9916,0.653,0,78.74,18.39,96.0,4.0,78.74,18.39
2026-05-31 00:34:57,full,1,349,success,7,0.648,1.2928,0,78.8,18.34,96.0,4.0,78.8,18.34
2026-05-31 00:35:07,full,1,350,success,9,0.6809,1.009,0,78.86,18.29,96.0,4.0,78.86,18.29
2026-05-31 00:35:18,full,1,351,success,10,0.7334,0.6701,0,78.92,18.23,96.0,4.0,78.92,18.23
2026-05-31 00:35:27,full,1,352,success,8,1.0,0.7091,0,78.98,18.18,96.0,4.0,78.98,18.18
2026-05-31 00:35:35,full,1,353,success,8,0.8738,0.8616,0,79.04,18.13,96.0,4.0,79.04,18.13
2026-05-31 00:35:45,full,1,354,success,10,0.6322,0.8026,0,79.1,18.08,96.0,4.0,79.1,18.08
2026-05-31 00:35:50,full,1,355,success,4,1.0,1.4358,0,79.15,18.03,96.0,4.0,79.15,18.03
2026-05-31 00:36:03,full,1,356,success,12,0.7769,0.5538,0,79.21,17.98,96.0,4.0,79.21,17.98
2026-05-31 00:36:15,full,1,357,success,12,0.7408,0.8329,0,79.27,17.93,97.0,3.0,79.27,17.93
2026-05-31 00:36:19,full,1,358,success,4,0.9818,1.4076,0,79.33,17.88,97.0,3.0,79.33,17.88
2026-05-31 00:36:26,full,1,359,success,6,0.6943,0.9535,0,79.39,17.83,97.0,3.0,79.39,17.83
2026-05-31 00:36:35,full,1,360,success,8,0.6849,0.7837,0,79.44,17.78,97.0,3.0,79.44,17.78
2026-05-31 00:36:52,full,1,361,success,18,0.4619,0.4161,0,79.5,17.73,97.0,3.0,79.5,17.73
2026-05-31 00:37:03,full,1,362,success,10,0.7446,0.7013,0,79.56,17.68,97.0,3.0,79.56,17.68
2026-05-31 00:37:06,full,1,363,success,3,1.0,1.8483,0,79.61,17.63,97.0,3.0,79.61,17.63
2026-05-31 00:37:20,full,1,364,success,13,0.6519,0.7881,0,79.67,17.58,97.0,3.0,79.67,17.58
2026-05-31 00:37:28,full,1,365,success,8,0.859,0.6822,0,79.73,17.53,97.0,3.0,79.73,17.53
2026-05-31 00:37:44,full,1,366,success,16,0.6258,0.236,2,79.78,17.49,97.0,3.0,79.78,17.49
2026-05-31 00:37:57,full,1,367,success,12,0.4748,0.7205,0,79.84,17.44,97.0,3.0,79.84,17.44
2026-05-31 00:38:11,full,1,368,success,14,0.6258,0.3138,0,79.89,17.39,97.0,3.0,79.89,17.39
2026-05-31 00:38:22,full,1,369,success,10,0.7577,0.5536,0,79.95,17.34,97.0,3.0,79.95,17.34
2026-05-31 00:38:46,full,1,370,success,26,0.2571,0.4003,0,80.0,17.3,97.0,3.0,80.0,17.3
2026-05-31 00:38:54,full,1,371,success,8,0.9906,0.4337,0,80.05,17.25,97.0,3.0,80.05,17.25
2026-05-31 00:39:04,full,1,372,success,10,0.4382,1.3026,0,80.11,17.2,97.0,3.0,80.11,17.2
2026-05-31 00:39:14,full,1,373,success,10,0.8332,1.0326,0,80.16,17.16,97.0,3.0,80.16,17.16
2026-05-31 00:39:26,full,1,374,success,12,0.6675,0.8688,0,80.21,17.11,97.0,3.0,80.21,17.11
2026-05-31 00:39:34,full,1,375,success,8,1.0,0.8564,0,80.27,17.07,97.0,3.0,80.27,17.07
2026-05-31 00:39:45,full,1,376,success,10,0.8241,0.6789,0,80.32,17.02,98.0,2.0,80.32,17.02
2026-05-31 00:39:50,full,1,377,success,4,0.8807,1.5147,0,80.37,16.98,98.0,2.0,80.37,16.98
2026-05-31 00:39:59,full,1,378,success,8,0.9384,0.7203,0,80.42,16.93,98.0,2.0,80.42,16.93
2026-05-31 00:40:12,full,1,379,success,14,0.5051,0.8186,0,80.47,16.89,98.0,2.0,80.47,16.89
2026-05-31 00:40:21,full,1,380,success,8,0.825,0.8137,0,80.53,16.84,98.0,2.0,80.53,16.84
2026-05-31 00:40:33,full,1,381,success,12,0.4041,1.1437,0,80.58,16.8,98.0,2.0,80.58,16.8
2026-05-31 00:40:43,full,1,382,success,10,0.5013,1.2077,0,80.63,16.75,99.0,1.0,80.63,16.75
2026-05-31 00:40:53,full,1,383,success,10,0.9652,0.4487,0,80.68,16.71,99.0,1.0,80.68,16.71
2026-05-31 00:41:04,full,1,384,success,12,0.6761,0.6229,0,80.73,16.67,99.0,1.0,80.73,16.67
2026-05-31 00:41:14,full,1,385,success,10,0.7813,0.3984,0,80.78,16.62,99.0,1.0,80.78,16.62
2026-05-31 00:41:27,full,1,386,success,14,0.5764,0.6283,0,80.83,16.58,99.0,1.0,80.83,16.58
2026-05-31 00:41:35,full,1,387,success,8,1.0,1.0148,0,80.88,16.54,99.0,1.0,80.88,16.54
2026-05-31 00:41:47,full,1,388,success,12,0.3232,1.3512,0,80.93,16.49,99.0,1.0,80.93,16.49
2026-05-31 00:41:59,full,1,389,success,12,0.4869,1.2184,0,80.98,16.45,99.0,1.0,80.98,16.45
2026-05-31 00:42:06,full,1,390,success,6,0.9105,1.1313,0,81.03,16.41,99.0,1.0,81.03,16.41
2026-05-31 00:42:15,full,1,391,success,9,0.9277,0.6412,0,81.07,16.37,99.0,1.0,81.07,16.37
2026-05-31 00:42:23,full,1,392,success,7,0.8561,1.1691,0,81.12,16.33,99.0,1.0,81.12,16.33
